<?xml version='1.1' encoding='UTF-8'?>
<project>
  <actions/>
  <description></description>
  <keepDependencies>false</keepDependencies>
  <properties>
    <hudson.plugins.jira.JiraProjectProperty plugin="jira@3.3"/>
    <com.dabsquared.gitlabjenkins.connection.GitLabConnectionProperty plugin="gitlab-plugin@1.5.20">
      <gitLabConnection>GitLab Production</gitLabConnection>
      <useAlternativeCredential>false</useAlternativeCredential>
    </com.dabsquared.gitlabjenkins.connection.GitLabConnectionProperty>
    <com.sonyericsson.rebuild.RebuildSettings plugin="rebuild@1.32">
      <autoRebuild>false</autoRebuild>
      <rebuildDisabled>false</rebuildDisabled>
    </com.sonyericsson.rebuild.RebuildSettings>
    <hudson.model.ParametersDefinitionProperty>
      <parameterDefinitions>
        <hudson.model.StringParameterDefinition>
          <name>remoteRegistry</name>
          <description>jnb-dvps-nexus.sybrin.co.za:5254
sybrin.azurecr.io</description>
          <defaultValue>jnb-dvps-nexus.sybrin.co.za:5254</defaultValue>
          <trim>false</trim>
        </hudson.model.StringParameterDefinition>
        <hudson.model.StringParameterDefinition>
          <name>tag</name>
          <description>the image tag that should be used this is usually the same as the version of the application.</description>
          <defaultValue>develop</defaultValue>
          <trim>false</trim>
        </hudson.model.StringParameterDefinition>
        <hudson.model.StringParameterDefinition>
          <name>image</name>
          <description>the container image that you would like to update to.</description>
          <defaultValue>ses</defaultValue>
          <trim>false</trim>
        </hudson.model.StringParameterDefinition>
        <hudson.model.StringParameterDefinition>
          <name>namespace</name>
          <description>the namespace where the deployment should be updated</description>
          <defaultValue>ses</defaultValue>
          <trim>false</trim>
        </hudson.model.StringParameterDefinition>
        <hudson.model.StringParameterDefinition>
          <name>deploymentService</name>
          <description>the name of the deployment that should be updated.</description>
          <defaultValue>ses</defaultValue>
          <trim>false</trim>
        </hudson.model.StringParameterDefinition>
        <hudson.model.ChoiceParameterDefinition>
          <name>cluster</name>
          <description>AKS-PRD -&gt; Current cluster (To be deprecated 31 JAN 2021)
AKS-ZAN -&gt; ZA North , current Production cluster.
BM-DevKube -&gt; Bare Metal local kubernetes cluster, for testing and internal services.</description>
          <choices class="java.util.Arrays$ArrayList">
            <a class="string-array">
              <string>AKS-PRD</string>
              <string>AKS-ZAN</string>
              <string>Devkube</string>
            </a>
          </choices>
        </hudson.model.ChoiceParameterDefinition>
      </parameterDefinitions>
    </hudson.model.ParametersDefinitionProperty>
  </properties>
  <scm class="hudson.scm.NullSCM"/>
  <assignedNode>beast-docker-A1||beast-docker-A2||beast-docker-A3||beast-docker-A4</assignedNode>
  <canRoam>false</canRoam>
  <disabled>false</disabled>
  <blockBuildWhenDownstreamBuilding>false</blockBuildWhenDownstreamBuilding>
  <blockBuildWhenUpstreamBuilding>false</blockBuildWhenUpstreamBuilding>
  <triggers/>
  <concurrentBuild>false</concurrentBuild>
  <builders>
    <hudson.tasks.Shell>
      <command>#!/bin/bash

mkdir -p  ~/.kube
#echo &quot;
#apiVersion: v1
#clusters:
#- cluster:
#    insecure-skip-tls-verify: true
#    server: https://10.75.131.83:6443
#  name: JAMES
#contexts:
#- context:
#    cluster: JAMES
#    namespace: internalwebsite
#    user: admin-user
#  name: JAMES
#current-context: JAMES
#kind: Config
#preferences: {}
#users:
#- name: admin-user
#  user:
#    token: ${JamesToken}
#&quot; &gt; ~/.kube/config

if [[ $cluster == &quot;AKS-ZAN&quot; ]]
then
echo &quot;
apiVersion: v1
clusters:
- cluster:
    certificate-authority-data: ${AKSZANCA}
    server: https://aks-zan-rg-za-prd-8ba9b4-a81d961c.hcp.southafricanorth.azmk8s.io:443
  name: AKS-ZAN
contexts:
- context:
    cluster: AKS-ZAN
    user: AKS-ZAN-Jenkins-CI
  name: AKS-ZAN
current-context: AKS-ZAN
kind: Config
preferences: {}
users:
- name: AKS-ZAN-Jenkins-CI
  user:
    token: ${AKSZANToken}
&quot; &gt; ~/.kube/config
elif [[ $cluster == &quot;AKS-PRD&quot; ]]
then
echo &quot;
apiVersion: v1
clusters:
- cluster:
    certificate-authority-data: ${KubesCA}
    server: https://aks-prd-dns-708aa2e2.hcp.ukwest.azmk8s.io:443
  name: AKS-PRD
contexts:
- context:
    cluster: AKS-PRD
    user: clusterUser_AKS-PRD_AKS-PRD
  name: AKS-PRD
current-context: AKS-PRD
kind: Config
preferences: {}
users:
- name: clusterUser_AKS-PRD_AKS-PRD
  user:
    client-certificate-data: ${KubesCC}
    client-key-data: ${KubesCK}
    token: KTArbkWihZweaD4j2Xct9Xe5HQA2jFwFctcTbvEdfXttEBE86nBgfav4nLS2Ge3UbnPAE7Cw19F8bb7kXSYv1T4U10LBzXWjutLApbtn0W0Q38qCpkwUyY9BLR2NvzQR
&quot; &gt; ~/.kube/config
elif [[ $cluster == &quot;Devkube&quot; ]]
then
echo &quot;
apiVersion: v1
clusters:
- cluster:
    insecure-skip-tls-verify: true
    server: https://10.75.131.83:6443
  name: JAMES
contexts:
- context:
    cluster: JAMES
    namespace: internalwebsite
    user: admin-user
  name: JAMES
current-context: JAMES
kind: Config
preferences: {}
users:
- name: admin-user
  user:
    token: ${JamesToken}
&quot; &gt; ~/.kube/config
fi


#kubectl get namespaces

kubectl set image -n ${namespace} deployment/${deploymentService} ${deploymentService}=${remoteRegistry}/${image}:${tag}
kubectl get pods -n ${namespace} | grep &quot;${deploymentService}&quot; | cut -d &quot; &quot; -f1 - | xargs -n1 -P 10 kubectl delete pod -n ${namespace}</command>
      <configuredLocalRules/>
    </hudson.tasks.Shell>
  </builders>
  <publishers/>
  <buildWrappers>
    <hudson.plugins.ws__cleanup.PreBuildCleanup plugin="ws-cleanup@0.39">
      <deleteDirs>false</deleteDirs>
      <cleanupParameter></cleanupParameter>
      <externalDelete></externalDelete>
      <disableDeferredWipeout>false</disableDeferredWipeout>
    </hudson.plugins.ws__cleanup.PreBuildCleanup>
    <org.jenkinsci.plugins.credentialsbinding.impl.SecretBuildWrapper plugin="credentials-binding@1.25">
      <bindings>
        <org.jenkinsci.plugins.credentialsbinding.impl.StringBinding>
          <credentialsId>JAMESTOKEN</credentialsId>
          <variable>JamesToken</variable>
        </org.jenkinsci.plugins.credentialsbinding.impl.StringBinding>
        <org.jenkinsci.plugins.credentialsbinding.impl.StringBinding>
          <credentialsId>AKS-ZANToken</credentialsId>
          <variable>AKSZANToken</variable>
        </org.jenkinsci.plugins.credentialsbinding.impl.StringBinding>
        <org.jenkinsci.plugins.credentialsbinding.impl.StringBinding>
          <credentialsId>AzureKubesCA</credentialsId>
          <variable>KubesCA</variable>
        </org.jenkinsci.plugins.credentialsbinding.impl.StringBinding>
        <org.jenkinsci.plugins.credentialsbinding.impl.StringBinding>
          <credentialsId>AzureKubesClientCert</credentialsId>
          <variable>KubesCC</variable>
        </org.jenkinsci.plugins.credentialsbinding.impl.StringBinding>
        <org.jenkinsci.plugins.credentialsbinding.impl.StringBinding>
          <credentialsId>AzureKubesClientKey</credentialsId>
          <variable>KubesCK</variable>
        </org.jenkinsci.plugins.credentialsbinding.impl.StringBinding>
        <org.jenkinsci.plugins.credentialsbinding.impl.StringBinding>
          <credentialsId>AKS-ZAN-CA</credentialsId>
          <variable>AKSZANCA</variable>
        </org.jenkinsci.plugins.credentialsbinding.impl.StringBinding>
      </bindings>
    </org.jenkinsci.plugins.credentialsbinding.impl.SecretBuildWrapper>
    <org.jenkinsci.plugins.buildnamesetter.BuildNameSetter plugin="build-name-setter@2.1.0">
      <template>#${BUILD_NUMBER}_${tag}</template>
      <descriptionTemplate></descriptionTemplate>
      <runAtStart>true</runAtStart>
      <runAtEnd>true</runAtEnd>
    </org.jenkinsci.plugins.buildnamesetter.BuildNameSetter>
  </buildWrappers>
</project>